-- Adminer 3.2.2 MySQL dump

SET NAMES utf8;
SET foreign_key_checks = 0;
SET time_zone = 'Asia/Krasnoyarsk';
SET sql_mode = 'NO_AUTO_VALUE_ON_ZERO';

DROP DATABASE IF EXISTS `lifecycle_production`;
CREATE DATABASE `lifecycle_production` /*!40100 DEFAULT CHARACTER SET utf8 COLLATE utf8_unicode_ci */;
USE `lifecycle_production`;

DROP TABLE IF EXISTS `bug`;
CREATE TABLE `bug` (
  `id_bug` int(10) unsigned NOT NULL AUTO_INCREMENT,
  `name` varchar(255) COLLATE utf8_unicode_ci NOT NULL,
  `description` text COLLATE utf8_unicode_ci NOT NULL,
  `date_create` datetime NOT NULL,
  `date_last_update` datetime NOT NULL,
  `priority` tinyint(3) unsigned NOT NULL,
  `important` tinyint(3) unsigned NOT NULL,
  `point` tinyint(3) unsigned NOT NULL,
  `id_working_status` tinyint(1) unsigned NOT NULL,
  `date_status_last_update` datetime NOT NULL,
  `id_game_version` int(11) NOT NULL,
  `id_iteration` int(11) NOT NULL,
  PRIMARY KEY (`id_bug`),
  KEY `id_working_status` (`id_working_status`),
  KEY `id_game_version` (`id_game_version`),
  KEY `id_iteration` (`id_iteration`),
  CONSTRAINT `bug_ibfk_2` FOREIGN KEY (`id_working_status`) REFERENCES `working_status` (`id_working_status`) ON DELETE CASCADE,
  CONSTRAINT `bug_ibfk_3` FOREIGN KEY (`id_game_version`) REFERENCES `game_version` (`id_game_version`) ON DELETE CASCADE,
  CONSTRAINT `bug_ibfk_4` FOREIGN KEY (`id_iteration`) REFERENCES `iteration` (`id_iteration`) ON DELETE CASCADE
) ENGINE=InnoDB DEFAULT CHARSET=utf8 COLLATE=utf8_unicode_ci;


DROP TABLE IF EXISTS `bug_requirement`;
CREATE TABLE `bug_requirement` (
  `id_bug` int(10) unsigned NOT NULL DEFAULT '0',
  `id_requirement` int(10) DEFAULT NULL COMMENT 'id_bug',
  PRIMARY KEY (`id_bug`),
  CONSTRAINT `bug_requirement_ibfk_1` FOREIGN KEY (`id_bug`) REFERENCES `bug` (`id_bug`) ON DELETE CASCADE
) ENGINE=InnoDB DEFAULT CHARSET=utf8 COLLATE=utf8_unicode_ci;


DROP TABLE IF EXISTS `category`;
CREATE TABLE `category` (
  `id_category` int(10) unsigned NOT NULL AUTO_INCREMENT,
  `id_parent` int(10) unsigned NOT NULL,
  `name` varchar(255) COLLATE utf8_unicode_ci NOT NULL,
  `description` text COLLATE utf8_unicode_ci NOT NULL,
  `is_enable` tinyint(1) unsigned NOT NULL DEFAULT '1',
  PRIMARY KEY (`id_category`)
) ENGINE=InnoDB AUTO_INCREMENT=98 DEFAULT CHARSET=utf8 COLLATE=utf8_unicode_ci;

INSERT INTO `category` (`id_category`, `id_parent`, `name`, `description`, `is_enable`) VALUES
(1,	86,	'Platform',	'',	1),
(2,	1,	'Payment',	'',	1),
(3,	1,	'Social',	'',	1),
(4,	1,	'Register',	'',	1),
(6,	5,	'เลือกเผ่า-เพศ การเกิดครั้งแรก',	'',	1),
(7,	5,	'รอเกิด-แสดงข้อมูลแผนที่ ที่ไปเกิด',	'',	1),
(8,	5,	'World Map',	'',	1),
(9,	5,	'ป้ายบอกทาง',	'',	1),
(10,	5,	'สนธนา/เควส',	'',	1),
(11,	5,	'ซื้อ/ขาย ของ',	'',	1),
(12,	5,	'Equip',	'',	1),
(13,	5,	'Status',	'',	1),
(14,	5,	'Skill',	'',	1),
(15,	5,	'Item',	'',	1),
(16,	5,	'Mnet',	'Magical Network',	1),
(17,	5,	'Option',	'',	1),
(18,	5,	'ต่อสู้',	'',	1),
(19,	5,	'ตาย/ สรุปชีวิต',	'',	1),
(20,	5,	'เลือกเกิด(หลังจากตาย)',	'',	1),
(21,	63,	'ธรรมชาติ',	'',	1),
(22,	21,	'ระบบเวรกรรม',	'',	1),
(23,	22,	'บันทึกค่าเวรกรรม',	'',	1),
(24,	22,	'ตรวจสอบค่าเวรกรรม',	'',	1),
(25,	22,	'ส่งผลกรรม',	'',	1),
(26,	21,	'วงจรชีวิต เกิด โต แก่ ตาย',	'',	1),
(27,	26,	'การเกิด',	'',	1),
(28,	26,	'การตาย',	'',	1),
(29,	26,	'การเติบโต - แก่',	'',	1),
(30,	26,	'อาการเจ็บป่วย',	'',	1),
(31,	21,	'ระบบสิ่งแวดล้อม',	'',	1),
(32,	21,	'เผ่าพันธุ์',	'',	1),
(48,	63,	'อารยธรรม',	'',	1),
(49,	48,	'แผนที่',	'',	1),
(50,	48,	'เมือง',	'',	1),
(51,	50,	'สาธารณูปโภค',	'',	1),
(52,	51,	'ข่าวและหนังสือพิมพ์ในเกม',	'',	1),
(53,	48,	'ไอเท็ม',	'',	1),
(54,	48,	'อาชีพ',	'',	1),
(55,	54,	'นายพราน',	'',	1),
(56,	54,	'พนักงานเงินเดือน',	'',	1),
(57,	48,	'NPC',	'',	1),
(58,	48,	'Quest',	'',	1),
(59,	86,	'Player Character',	'',	1),
(60,	48,	'ระบบ Mnet',	'',	1),
(61,	59,	'ระบบ สวมใส่',	'',	1),
(62,	59,	'ระบบสัมภาระส่วนตัว',	'',	1),
(63,	86,	'Game System (etc)',	'',	1),
(64,	63,	'Help',	'',	1),
(66,	54,	'ระบบทำงาน พาร์ทไทม์',	'',	1),
(67,	63,	'ระบบต่อสู้',	'',	1),
(68,	86,	'Game Statistic',	'',	1),
(69,	68,	'Item statistic',	'',	1),
(70,	68,	'Store statistic',	'',	1),
(71,	68,	'Player statistic',	'',	1),
(72,	43,	'อนิม่า',	'',	1),
(86,	0,	'Feature',	'',	0),
(87,	0,	'Bug',	'',	1),
(88,	92,	'ห้องสมุดประจำเมือง',	'',	1),
(91,	60,	'การซื้อขายสินค้าส่วนกลาง',	'',	1),
(92,	50,	'สิ่งก่อสร้าง',	'',	1),
(93,	92,	'ร้านค้า',	'',	1),
(94,	92,	'บริษัท',	'',	1),
(95,	92,	'ศูนย์วิจัย',	'',	1),
(96,	86,	'UI',	'',	1),
(97,	59,	'ระบบตระกูล',	'',	1);

DROP TABLE IF EXISTS `category_item`;
CREATE TABLE `category_item` (
  `id_category` int(10) unsigned NOT NULL,
  `id_item` int(10) unsigned NOT NULL,
  `id_item_type` tinyint(3) unsigned NOT NULL,
  KEY `id_item_type` (`id_item_type`),
  CONSTRAINT `category_item_ibfk_1` FOREIGN KEY (`id_item_type`) REFERENCES `category_item_type` (`id_item_type`) ON DELETE CASCADE
) ENGINE=InnoDB DEFAULT CHARSET=utf8 COLLATE=utf8_unicode_ci;

INSERT INTO `category_item` (`id_category`, `id_item`, `id_item_type`) VALUES
(2,	1,	1),
(3,	2,	1),
(3,	3,	1),
(4,	4,	1),
(23,	5,	1),
(23,	6,	1),
(23,	7,	1),
(24,	8,	1),
(25,	9,	1),
(27,	10,	1),
(27,	11,	1),
(28,	12,	1),
(29,	13,	1),
(21,	14,	1),
(21,	15,	1),
(21,	16,	1),
(57,	17,	1),
(43,	18,	1),
(43,	19,	1),
(43,	20,	1),
(43,	21,	1),
(49,	22,	1),
(49,	23,	1),
(49,	24,	1),
(49,	25,	1),
(49,	26,	1),
(49,	27,	1),
(50,	28,	1),
(50,	29,	1),
(50,	30,	1),
(92,	31,	1),
(92,	32,	1),
(92,	34,	1),
(95,	35,	1),
(50,	36,	1),
(51,	37,	1),
(51,	38,	1),
(51,	39,	1),
(51,	40,	1),
(52,	41,	1),
(51,	42,	1),
(53,	43,	1),
(53,	44,	1),
(56,	45,	1),
(56,	46,	1),
(56,	47,	1),
(56,	48,	1),
(55,	49,	1),
(55,	50,	1),
(55,	51,	1),
(57,	52,	1),
(57,	53,	1),
(58,	54,	1),
(58,	55,	1),
(60,	56,	1),
(60,	57,	1),
(60,	58,	1),
(60,	59,	1),
(60,	60,	1),
(60,	61,	1),
(60,	62,	1),
(60,	63,	1),
(88,	65,	1),
(88,	66,	1),
(91,	68,	1),
(91,	69,	1),
(91,	70,	1),
(61,	71,	1),
(53,	72,	1),
(53,	73,	1),
(62,	74,	1),
(62,	75,	1),
(95,	76,	1),
(67,	77,	1),
(67,	78,	1),
(67,	79,	1),
(67,	80,	1),
(67,	81,	1),
(69,	82,	1),
(69,	83,	1),
(70,	84,	1),
(71,	85,	1),
(57,	86,	1),
(58,	87,	1),
(95,	88,	1),
(70,	89,	1),
(56,	90,	1),
(93,	91,	1),
(94,	92,	1),
(66,	93,	1),
(3,	94,	1),
(67,	95,	1),
(59,	99,	1),
(59,	100,	1),
(95,	33,	1),
(95,	101,	1),
(2,	102,	1),
(50,	103,	1),
(53,	104,	1),
(49,	105,	1),
(57,	106,	1),
(96,	107,	1),
(53,	108,	1),
(96,	109,	1),
(97,	110,	1),
(97,	111,	1),
(97,	112,	1),
(57,	113,	1),
(57,	114,	1),
(57,	115,	1),
(32,	116,	1),
(32,	117,	1),
(32,	118,	1),
(32,	119,	1),
(49,	120,	1),
(49,	121,	1),
(49,	122,	1),
(57,	123,	1),
(49,	124,	1),
(93,	125,	1),
(93,	126,	1),
(93,	127,	1),
(59,	128,	1),
(57,	129,	1),
(49,	130,	1),
(67,	131,	1);

DROP TABLE IF EXISTS `category_item_type`;
CREATE TABLE `category_item_type` (
  `id_item_type` tinyint(3) unsigned NOT NULL AUTO_INCREMENT,
  `type_name` varchar(255) COLLATE utf8_unicode_ci NOT NULL,
  PRIMARY KEY (`id_item_type`),
  KEY `id_item_type` (`id_item_type`)
) ENGINE=InnoDB AUTO_INCREMENT=3 DEFAULT CHARSET=utf8 COLLATE=utf8_unicode_ci;

INSERT INTO `category_item_type` (`id_item_type`, `type_name`) VALUES
(1,	'story'),
(2,	'bug');

DROP TABLE IF EXISTS `game_version`;
CREATE TABLE `game_version` (
  `id_game_version` int(11) NOT NULL AUTO_INCREMENT,
  `code` varchar(255) COLLATE utf8_unicode_ci NOT NULL,
  `name` varchar(255) COLLATE utf8_unicode_ci NOT NULL,
  `description` varchar(255) COLLATE utf8_unicode_ci NOT NULL,
  PRIMARY KEY (`id_game_version`)
) ENGINE=InnoDB AUTO_INCREMENT=9 DEFAULT CHARSET=utf8 COLLATE=utf8_unicode_ci;

INSERT INTO `game_version` (`id_game_version`, `code`, `name`, `description`) VALUES
(1,	'-',	'-',	''),
(2,	'a1',	'Alpha 1',	'พื้นฐานของเกมเช่น การเคลื่อนที่, การเข้าร้านค้า'),
(3,	'a2',	'Alpha 2',	'พื้นฐานการเล่นเช่น ระบบการต่อสู้, การสวมใส่/ซื้อขาย ไอเท็ม'),
(4,	'a3',	'Alpha 3',	'การดำรงชีวิตในเกมเช่น อาชีพ, สกิล และเควส'),
(5,	'a4',	'Alpha 4',	'ระบบเวรกรรม ทั้งเก็บ, ส่งผล และ บันทึก'),
(6,	'a5',	'Alpha 5',	'การตาย, เกิด, การใช้ชีวิตรอบใหม่'),
(7,	'b',	'Beta',	''),
(8,	'b1',	'Beta1',	'');

DROP TABLE IF EXISTS `iteration`;
CREATE TABLE `iteration` (
  `id_iteration` int(11) NOT NULL AUTO_INCREMENT,
  `description` varchar(255) COLLATE utf8_unicode_ci NOT NULL,
  `date_start` date NOT NULL,
  `date_end` date NOT NULL,
  PRIMARY KEY (`id_iteration`)
) ENGINE=InnoDB AUTO_INCREMENT=3 DEFAULT CHARSET=utf8 COLLATE=utf8_unicode_ci;

INSERT INTO `iteration` (`id_iteration`, `description`, `date_start`, `date_end`) VALUES
(1,	'first',	'2011-03-21',	'2011-03-21'),
(2,	'second',	'2011-03-21',	'2011-03-21');

DROP TABLE IF EXISTS `story`;
CREATE TABLE `story` (
  `id_story` int(10) unsigned NOT NULL AUTO_INCREMENT,
  `name` varchar(255) COLLATE utf8_unicode_ci NOT NULL,
  `description` text COLLATE utf8_unicode_ci,
  `as` varchar(255) COLLATE utf8_unicode_ci NOT NULL,
  `i_want_to` varchar(255) COLLATE utf8_unicode_ci NOT NULL,
  `so_that` varchar(255) COLLATE utf8_unicode_ci NOT NULL,
  `priority` varchar(255) COLLATE utf8_unicode_ci NOT NULL,
  `important` varchar(255) COLLATE utf8_unicode_ci NOT NULL,
  `point` varchar(255) COLLATE utf8_unicode_ci NOT NULL,
  `id_working_status` tinyint(1) NOT NULL DEFAULT '1',
  `id_game_version` int(11) NOT NULL,
  `id_iteration` int(11) NOT NULL,
  `date_last_update` datetime NOT NULL,
  `date_create` datetime NOT NULL,
  `date_last_update_status` datetime NOT NULL,
  PRIMARY KEY (`id_story`),
  KEY `id_game_version` (`id_game_version`),
  KEY `id_iteration` (`id_iteration`),
  CONSTRAINT `story_ibfk_1` FOREIGN KEY (`id_game_version`) REFERENCES `game_version` (`id_game_version`) ON DELETE CASCADE,
  CONSTRAINT `story_ibfk_2` FOREIGN KEY (`id_iteration`) REFERENCES `iteration` (`id_iteration`) ON DELETE CASCADE
) ENGINE=InnoDB AUTO_INCREMENT=133 DEFAULT CHARSET=utf8 COLLATE=utf8_unicode_ci;

INSERT INTO `story` (`id_story`, `name`, `description`, `as`, `i_want_to`, `so_that`, `priority`, `important`, `point`, `id_working_status`, `id_game_version`, `id_iteration`, `date_last_update`, `date_create`, `date_last_update_status`) VALUES
(1,	'ระบบจัดการ Cash (ตัด, เติม, ดู, เก็บ)',	'',	'',	'',	'',	'0',	'0',	'0',	1,	7,	1,	'0000-00-00 00:00:00',	'0000-00-00 00:00:00',	'0000-00-00 00:00:00'),
(2,	'การแชร์ข้อมูล บน หน้า FB',	'',	'',	'',	'',	'0',	'0',	'0',	1,	7,	1,	'0000-00-00 00:00:00',	'0000-00-00 00:00:00',	'0000-00-00 00:00:00'),
(3,	'แชร์ข้อมูลเมื่อตัวละครมีพัฒนาการ',	'เมื่อมีการแชร์ข้อมูลว่าเรามีพัฒนาการด้านในใดด้านหนึ่ง เพื่อนที่อ่านสามารถกดส่งของขวัญแสดงความยินดีได้ โดยเราจะได้รับของขวัญ ส่วนเพื่อนจะได้รับ exp ทางด้านสังคม หรือไม่ก็กรรมดีอะไรซักอย่าง',	'',	'',	'',	'0',	'0',	'0',	1,	7,	1,	'0000-00-00 00:00:00',	'0000-00-00 00:00:00',	'0000-00-00 00:00:00'),
(4,	'ระบบ Log in',	'',	'',	'',	'',	'3',	'3',	'0.5',	3,	2,	1,	'0000-00-00 00:00:00',	'0000-00-00 00:00:00',	'0000-00-00 00:00:00'),
(5,	'บันทึกค่าเวรกรรม',	'',	'',	'',	'',	'3',	'3',	'0',	1,	5,	1,	'0000-00-00 00:00:00',	'0000-00-00 00:00:00',	'0000-00-00 00:00:00'),
(6,	'กรรมจากการฆ่าสัตว์',	'',	'',	'',	'',	'0',	'0',	'0',	1,	5,	1,	'0000-00-00 00:00:00',	'0000-00-00 00:00:00',	'0000-00-00 00:00:00'),
(7,	'กรรมจากการยักยอก/โกงเงิน',	'',	'',	'',	'',	'0',	'0',	'0',	1,	5,	1,	'0000-00-00 00:00:00',	'0000-00-00 00:00:00',	'0000-00-00 00:00:00'),
(8,	'ตรวจสอบค่าเวรกรรม',	'',	'',	'',	'',	'3',	'3',	'0',	1,	5,	1,	'0000-00-00 00:00:00',	'0000-00-00 00:00:00',	'0000-00-00 00:00:00'),
(9,	'ส่งผลกรรม',	'',	'',	'',	'',	'1',	'1',	'2',	1,	5,	1,	'0000-00-00 00:00:00',	'0000-00-00 00:00:00',	'0000-00-00 00:00:00'),
(10,	'การเลือกเผ่า-ตัวละครครั้งแรกที่เล่นเกม',	'',	'',	'',	'',	'2',	'2',	'0',	1,	6,	1,	'0000-00-00 00:00:00',	'0000-00-00 00:00:00',	'0000-00-00 00:00:00'),
(11,	'การเลือกสิ่งมีชีวิตที่จะเล่นรอบต่อไปหลังจากตาย',	'',	'',	'',	'',	'2',	'2',	'0',	1,	6,	1,	'0000-00-00 00:00:00',	'0000-00-00 00:00:00',	'0000-00-00 00:00:00'),
(12,	'แสดงข้อมูลสรุปช่วงชีวิตเมื่อตาย',	'',	'',	'',	'',	'3',	'3',	'0',	1,	6,	1,	'0000-00-00 00:00:00',	'0000-00-00 00:00:00',	'0000-00-00 00:00:00'),
(13,	'ระบบอายุขัย',	'',	'',	'',	'',	'0',	'0',	'0',	1,	6,	1,	'0000-00-00 00:00:00',	'0000-00-00 00:00:00',	'0000-00-00 00:00:00'),
(14,	'ระบบธาตุประจำวัน, เดือน, ปี',	'',	'',	'',	'',	'0',	'0',	'0',	1,	1,	1,	'0000-00-00 00:00:00',	'0000-00-00 00:00:00',	'0000-00-00 00:00:00'),
(15,	'ฤดูกาล',	'',	'',	'',	'',	'0',	'0',	'0',	1,	1,	1,	'0000-00-00 00:00:00',	'0000-00-00 00:00:00',	'0000-00-00 00:00:00'),
(16,	'ภัยธรรมชาติ',	'',	'',	'',	'',	'0',	'0',	'0',	1,	1,	1,	'0000-00-00 00:00:00',	'0000-00-00 00:00:00',	'0000-00-00 00:00:00'),
(17,	'ซื้อไอเท็ม กับ NPC',	'',	'',	'',	'',	'3',	'3',	'0',	4,	2,	1,	'0000-00-00 00:00:00',	'0000-00-00 00:00:00',	'0000-00-00 00:00:00'),
(18,	'การอพยพตามฤดูกาล',	'',	'',	'',	'',	'0',	'0',	'0',	1,	1,	1,	'0000-00-00 00:00:00',	'0000-00-00 00:00:00',	'0000-00-00 00:00:00'),
(19,	'มอนสเตอร์มี Skill (ทั้งแบบเฉพาะ และสกิลทั่วไป)',	'',	'',	'',	'',	'0',	'0',	'0',	1,	1,	1,	'0000-00-00 00:00:00',	'0000-00-00 00:00:00',	'0000-00-00 00:00:00'),
(20,	'การแพร่พันธุ์และอัตราการเกิดของมอนสเตอร์ ตามหลักความจริง (ไม่ใช่การสุ่มเกิด)',	'',	'',	'',	'',	'0',	'0',	'0',	1,	1,	1,	'0000-00-00 00:00:00',	'0000-00-00 00:00:00',	'0000-00-00 00:00:00'),
(21,	'การสูญพันธุ์ของมอนสเตอร์ เมื่อโดนไล่ล่าอย่างหนัก',	'',	'',	'',	'',	'0',	'0',	'0',	1,	1,	1,	'0000-00-00 00:00:00',	'0000-00-00 00:00:00',	'0000-00-00 00:00:00'),
(22,	'การสำรวจพื้นที่ใหม่',	'',	'',	'',	'',	'0',	'0',	'0',	1,	1,	1,	'0000-00-00 00:00:00',	'0000-00-00 00:00:00',	'0000-00-00 00:00:00'),
(23,	'แสดงข้อมูลมอนเตอร์ที่อยู่ในแผนที่นั้น',	'',	'',	'',	'',	'3',	'3',	'0',	5,	2,	1,	'0000-00-00 00:00:00',	'0000-00-00 00:00:00',	'0000-00-00 00:00:00'),
(24,	'แสดงข้อมูล NPC ที่อยู่ในแผนที่ - ร้านค้า',	'',	'',	'',	'',	'3',	'3',	'0',	5,	2,	1,	'0000-00-00 00:00:00',	'0000-00-00 00:00:00',	'0000-00-00 00:00:00'),
(25,	'การเปลี่ยน BG แบบตาม Section ที่ผู้เล่นอยู่ (ปัจจุบันเปลี่ยนตาม Map)',	'',	'',	'',	'',	'0',	'0',	'0',	1,	1,	1,	'0000-00-00 00:00:00',	'0000-00-00 00:00:00',	'0000-00-00 00:00:00'),
(26,	'แสดงรูปแต่ละ section ตรงหน้าอธิบาย',	'ใช้รูป path_root ที่ไฮไลน์สีแยกเป็น section ',	'',	'',	'',	'3',	'3',	'0',	5,	2,	1,	'0000-00-00 00:00:00',	'0000-00-00 00:00:00',	'0000-00-00 00:00:00'),
(27,	'เปลี่ยนสีจุดลิ้งค์ที่เชื่อมไปแม็พอื่น ในรูปพาร์ทรูทเป็น เป็นสีแดง',	'',	'',	'',	'',	'3',	'3',	'0',	5,	2,	1,	'0000-00-00 00:00:00',	'0000-00-00 00:00:00',	'0000-00-00 00:00:00'),
(28,	'การสร้างเมืองหรือค่ายพักชั่วคราว นอกเมือง',	'',	'',	'',	'',	'0',	'0',	'0',	1,	1,	1,	'0000-00-00 00:00:00',	'0000-00-00 00:00:00',	'0000-00-00 00:00:00'),
(29,	'ขนาดและสิ่งก่อสร้างในเมืองที่เปลี่ยนแปลงได้ตามจำนวนประชากร',	'',	'',	'',	'',	'0',	'0',	'0',	1,	1,	1,	'0000-00-00 00:00:00',	'0000-00-00 00:00:00',	'0000-00-00 00:00:00'),
(30,	'เมืองร้าง เมื่อขาดผู้คน และอาจสูญหายไปจากแผนที่',	'',	'',	'',	'',	'0',	'0',	'0',	1,	1,	1,	'0000-00-00 00:00:00',	'0000-00-00 00:00:00',	'0000-00-00 00:00:00'),
(31,	'สถานที่ลับสำหรับใช้ในการพัฒนาเมืองอย่างรวดเร็ว',	'',	'',	'',	'',	'0',	'0',	'0',	1,	1,	1,	'0000-00-00 00:00:00',	'0000-00-00 00:00:00',	'0000-00-00 00:00:00'),
(32,	'การสร้างบ้านพัก บ้านเช่า เพื่อเป็นทรัพย์สินและที่พักส่วนตัว',	'',	'',	'',	'',	'0',	'0',	'0',	1,	1,	1,	'0000-00-00 00:00:00',	'0000-00-00 00:00:00',	'0000-00-00 00:00:00'),
(33,	'การวิจัยเพื่อปลดล็อคสิ่งปลูกสร้างใหม่',	'',	'',	'',	'',	'0',	'0',	'0',	1,	1,	1,	'0000-00-00 00:00:00',	'0000-00-00 00:00:00',	'0000-00-00 00:00:00'),
(34,	'แสดงรายชื่อผู้ร่วมบริจาค',	'',	'',	'',	'',	'0',	'0',	'0',	1,	1,	1,	'0000-00-00 00:00:00',	'0000-00-00 00:00:00',	'0000-00-00 00:00:00'),
(35,	'การวิจัยทรัพยากร เพื่อปลดล็อคไอเท็มใหม่',	'',	'',	'',	'',	'0',	'0',	'0',	1,	1,	1,	'0000-00-00 00:00:00',	'0000-00-00 00:00:00',	'0000-00-00 00:00:00'),
(36,	'แสดงรายชื่อผู้ร่วมบริจาค',	'',	'',	'',	'',	'0',	'0',	'0',	1,	1,	1,	'0000-00-00 00:00:00',	'0000-00-00 00:00:00',	'0000-00-00 00:00:00'),
(37,	'ระบบส่งพัสดุ',	'',	'',	'',	'',	'0',	'0',	'0',	1,	1,	1,	'0000-00-00 00:00:00',	'0000-00-00 00:00:00',	'0000-00-00 00:00:00'),
(38,	'ขนส่งมวลชน',	'',	'',	'',	'',	'0',	'0',	'0',	1,	1,	1,	'0000-00-00 00:00:00',	'0000-00-00 00:00:00',	'0000-00-00 00:00:00'),
(39,	'ระบบธนาคาร (การฝากไอเท็ม, เงิน)',	'',	'',	'',	'',	'1',	'1',	'2',	1,	6,	1,	'0000-00-00 00:00:00',	'0000-00-00 00:00:00',	'0000-00-00 00:00:00'),
(40,	'ระบบข่าวและหนังสือพิมพ์ในเกม',	'',	'',	'',	'',	'0',	'0',	'0',	1,	1,	1,	'0000-00-00 00:00:00',	'0000-00-00 00:00:00',	'0000-00-00 00:00:00'),
(41,	'แทรกเนื้อหาข่าวสารจากโลกจริงเข้าไปในเกม',	'ในรูปแบบล้อเลียนหรือสร้างเป็นเหตุการณ์ในเกม',	'',	'',	'',	'0',	'0',	'0',	1,	1,	1,	'0000-00-00 00:00:00',	'0000-00-00 00:00:00',	'0000-00-00 00:00:00'),
(42,	'โรงพยาบาล',	'',	'',	'',	'',	'0',	'0',	'0',	1,	1,	1,	'0000-00-00 00:00:00',	'0000-00-00 00:00:00',	'0000-00-00 00:00:00'),
(43,	'Data - Item สำหรับการเก็บเกี่ยว',	'',	'',	'',	'',	'0',	'0',	'0',	1,	4,	1,	'0000-00-00 00:00:00',	'0000-00-00 00:00:00',	'0000-00-00 00:00:00'),
(44,	'Data - item for alpha version',	'',	'',	'',	'',	'3',	'4',	'8',	5,	2,	1,	'0000-00-00 00:00:00',	'0000-00-00 00:00:00',	'0000-00-00 00:00:00'),
(45,	'เปลี่ยนอาชีพพนักงานเงินเดือน',	'',	'',	'',	'',	'3',	'3',	'0',	1,	4,	1,	'0000-00-00 00:00:00',	'0000-00-00 00:00:00',	'0000-00-00 00:00:00'),
(46,	'สกิลพนักงานเงินเดือน',	'',	'',	'',	'',	'3',	'3',	'0',	1,	4,	1,	'0000-00-00 00:00:00',	'0000-00-00 00:00:00',	'0000-00-00 00:00:00'),
(47,	'Minigame ของ Salaryman',	'',	'',	'',	'',	'0',	'0',	'0',	1,	1,	1,	'0000-00-00 00:00:00',	'0000-00-00 00:00:00',	'0000-00-00 00:00:00'),
(48,	'ระบบการสู้กับ บอส ในอาชีพ Salaryman',	'',	'',	'',	'',	'2',	'2',	'0',	1,	4,	1,	'0000-00-00 00:00:00',	'0000-00-00 00:00:00',	'0000-00-00 00:00:00'),
(49,	'เปลี่ยนอาชีพนายพราน',	'',	'',	'',	'',	'3',	'3',	'0',	1,	4,	1,	'0000-00-00 00:00:00',	'0000-00-00 00:00:00',	'0000-00-00 00:00:00'),
(50,	'สกิลนายพราน',	'',	'',	'',	'',	'3',	'3',	'0',	1,	4,	1,	'0000-00-00 00:00:00',	'0000-00-00 00:00:00',	'0000-00-00 00:00:00'),
(51,	'ระบบหาของป่า',	'',	'',	'',	'',	'3',	'3',	'0',	1,	4,	1,	'0000-00-00 00:00:00',	'0000-00-00 00:00:00',	'0000-00-00 00:00:00'),
(52,	'ระบบสนทนากับ NPC',	'',	'',	'',	'',	'1',	'1',	'2',	5,	2,	1,	'0000-00-00 00:00:00',	'0000-00-00 00:00:00',	'0000-00-00 00:00:00'),
(53,	'บทสนทนาจาก NPC ที่ละเอียดอ่อนและเป็นธรรมชาติ เพื่อสร้างความประทับใจ',	'',	'',	'',	'',	'0',	'0',	'0',	1,	1,	1,	'0000-00-00 00:00:00',	'0000-00-00 00:00:00',	'0000-00-00 00:00:00'),
(54,	'เควสสำหรับมอนสเตอร์',	'',	'',	'',	'',	'2',	'2',	'0',	1,	6,	1,	'0000-00-00 00:00:00',	'0000-00-00 00:00:00',	'0000-00-00 00:00:00'),
(55,	'ระบบภารกิจจาก NPC (Quest)',	'',	'',	'',	'',	'3',	'3',	'0',	1,	4,	1,	'0000-00-00 00:00:00',	'0000-00-00 00:00:00',	'0000-00-00 00:00:00'),
(56,	'ระบบสารานุกรม Mnet',	'ทำให้คล้ายสาราณุกรมโปเกม่อน และเป็นมรดกได้ ติดตามไปทุกชาติ หากยังไม่เคยมีใครเคยได้ในเกม จะเป็นรูป ??? หากเคยมีแล้วจะบอกคนที่ได้คนแรก แต่รูปยังเป็นขาวดำ จะกลายเป็นสีต่อเมื่อเราได้แล้ว',	' ',	'',	'',	'0',	'0',	'0',	1,	1,	1,	'0000-00-00 00:00:00',	'0000-00-00 00:00:00',	'0000-00-00 00:00:00'),
(57,	'ไอเท็มทั้งหมดในเกม',	'',	'',	'',	'',	'0',	'0',	'0',	1,	1,	1,	'0000-00-00 00:00:00',	'0000-00-00 00:00:00',	'0000-00-00 00:00:00'),
(58,	'แผนที่ทั้งหมด',	'',	'',	'',	'',	'0',	'0',	'0',	1,	1,	1,	'0000-00-00 00:00:00',	'0000-00-00 00:00:00',	'0000-00-00 00:00:00'),
(59,	'มอนสเตอร์ทั้งหมด',	'',	'',	'',	'',	'0',	'0',	'0',	1,	1,	1,	'0000-00-00 00:00:00',	'0000-00-00 00:00:00',	'0000-00-00 00:00:00'),
(60,	'รางวัลลับพิเศษ (Archivement)',	'',	'',	'',	'',	'0',	'0',	'0',	1,	1,	1,	'0000-00-00 00:00:00',	'0000-00-00 00:00:00',	'0000-00-00 00:00:00'),
(61,	'รูปแบบสิ่งมีชีวิตที่มีทั้งหมด',	'',	'',	'',	'',	'0',	'0',	'0',	1,	1,	1,	'0000-00-00 00:00:00',	'0000-00-00 00:00:00',	'0000-00-00 00:00:00'),
(62,	'อาชีพ และ สกิล ทั้งหมด',	'',	'',	'',	'',	'0',	'0',	'0',	1,	1,	1,	'0000-00-00 00:00:00',	'0000-00-00 00:00:00',	'0000-00-00 00:00:00'),
(63,	'ระบบตระกูล',	'การสืบทอดความสามารถ,ทรัพย์สมบัติ ไปยังรุ่น(ตัวละคร)ต่อไป',	'',	'',	'',	'0',	'0',	'0',	1,	1,	1,	'0000-00-00 00:00:00',	'0000-00-00 00:00:00',	'0000-00-00 00:00:00'),
(64,	'ห้องสมุดประจำเมือง',	'',	'',	'',	'',	'0',	'0',	'0',	1,	1,	1,	'0000-00-00 00:00:00',	'0000-00-00 00:00:00',	'0000-00-00 00:00:00'),
(65,	'แสดงข้อมูลเมือง (ตามเนื้อเรื่องออกแบบไว้)',	'',	'',	'',	'',	'0',	'0',	'0',	1,	1,	1,	'0000-00-00 00:00:00',	'0000-00-00 00:00:00',	'0000-00-00 00:00:00'),
(66,	'แสดงประวัติการพัฒนาเมือง (หลังจากมีการเปิดให้ผู้เล่นร่วมพัฒนา)',	'',	'',	'',	'',	'0',	'0',	'0',	1,	1,	1,	'0000-00-00 00:00:00',	'0000-00-00 00:00:00',	'0000-00-00 00:00:00'),
(67,	'การซื้อขายสินค้าส่วนกลาง',	'',	'',	'',	'',	'0',	'0',	'0',	1,	1,	1,	'0000-00-00 00:00:00',	'0000-00-00 00:00:00',	'0000-00-00 00:00:00'),
(68,	'เก็บ Log ไอเท็มที่เคยขายได้',	'',	'',	'',	'',	'0',	'0',	'0',	1,	1,	1,	'0000-00-00 00:00:00',	'0000-00-00 00:00:00',	'0000-00-00 00:00:00'),
(69,	'แสดง Log ไอเท็มที่เคยขายได้',	'',	'',	'',	'',	'0',	'0',	'0',	1,	1,	1,	'0000-00-00 00:00:00',	'0000-00-00 00:00:00',	'0000-00-00 00:00:00'),
(70,	'แสดงกราฟการซื้อขาย, ข้อมูลการขายของผู้เล่น',	'',	'',	'',	'',	'0',	'0',	'0',	1,	1,	1,	'0000-00-00 00:00:00',	'0000-00-00 00:00:00',	'0000-00-00 00:00:00'),
(71,	'ถอด-สวมใส่ เครื่องแต่งกายได้',	'',	'',	'',	'',	'3',	'3',	'8',	1,	3,	1,	'0000-00-00 00:00:00',	'0000-00-00 00:00:00',	'0000-00-00 00:00:00'),
(72,	'เปลี่ยนสีเปลี่ยนลายเครื่องแต่งกาย',	'',	'',	'',	'',	'0',	'0',	'0',	1,	1,	1,	'0000-00-00 00:00:00',	'0000-00-00 00:00:00',	'0000-00-00 00:00:00'),
(73,	'อัพเกรดเครื่องแต่งกาย',	'',	'',	'',	'',	'0',	'0',	'0',	1,	1,	1,	'0000-00-00 00:00:00',	'0000-00-00 00:00:00',	'0000-00-00 00:00:00'),
(74,	'ทิ้งของจากตัวได้เมื่อช่องเก็บของเต็ม',	'',	'',	'',	'',	'0',	'0',	'0',	1,	1,	1,	'0000-00-00 00:00:00',	'0000-00-00 00:00:00',	'0000-00-00 00:00:00'),
(75,	'Check box สำหรับการเลือกเก็บไอเท็ม เมื่อได้รับไอเท็ม',	'',	'',	'',	'',	'0',	'0',	'0',	1,	1,	1,	'0000-00-00 00:00:00',	'0000-00-00 00:00:00',	'0000-00-00 00:00:00'),
(76,	'การโคลนนิ่งเพื่อรักษาพันธุ์',	'',	'',	'',	'',	'0',	'0',	'0',	1,	1,	1,	'0000-00-00 00:00:00',	'0000-00-00 00:00:00',	'0000-00-00 00:00:00'),
(77,	'ระบบต่อสู้กับมอนเตอร์ 1.0',	'1 ยก, ทำความเสียหายมากกว่าชนะ, ฆ่ามอนเตอร์ได้ EXP x 3',	'',	'',	'',	'3',	'2',	'8',	3,	2,	1,	'0000-00-00 00:00:00',	'0000-00-00 00:00:00',	'0000-00-00 00:00:00'),
(78,	'ใช้สกิลขณะต่อสู้',	'',	'',	'',	'',	'2',	'2',	'0',	1,	4,	1,	'0000-00-00 00:00:00',	'0000-00-00 00:00:00',	'0000-00-00 00:00:00'),
(79,	'การใช้ Potion อัตโนมัติขณะต่อสู้',	'',	'',	'',	'',	'0',	'0',	'0',	1,	1,	1,	'0000-00-00 00:00:00',	'0000-00-00 00:00:00',	'0000-00-00 00:00:00'),
(80,	'ไอเท็มประเภทเข็มขัด สำหรับการใช้ไอเท็มโดยอัตโนมัติ',	'',	'',	'',	'',	'0',	'0',	'0',	1,	1,	1,	'0000-00-00 00:00:00',	'0000-00-00 00:00:00',	'0000-00-00 00:00:00'),
(81,	'โอกาสในการต่อสู้ (ในขณะที่ HP เหลือน้อยมาก) แล้วตายจริง เมื่อแพ้',	'',	'',	'',	'',	'0',	'0',	'0',	1,	1,	1,	'0000-00-00 00:00:00',	'0000-00-00 00:00:00',	'0000-00-00 00:00:00'),
(82,	'บันทึกการซื้อไอเท็ม',	'',	'',	'',	'',	'0',	'0',	'0',	1,	1,	1,	'0000-00-00 00:00:00',	'0000-00-00 00:00:00',	'0000-00-00 00:00:00'),
(83,	'บันทึกการขายไอเท็ม',	'',	'',	'',	'',	'0',	'0',	'0',	1,	1,	1,	'0000-00-00 00:00:00',	'0000-00-00 00:00:00',	'0000-00-00 00:00:00'),
(84,	'บันทึกยอดขายของร้านค้า',	'',	'',	'',	'',	'0',	'0',	'0',	1,	1,	1,	'0000-00-00 00:00:00',	'0000-00-00 00:00:00',	'0000-00-00 00:00:00'),
(85,	'บันทึกอายุของผู้เล่น',	'',	'แต่บันทึกเป็น คน แล้วก็ตาม มอนเตอร์ เป็นตัวๆไปเลย',	'',	'',	'0',	'0',	'0',	1,	1,	1,	'0000-00-00 00:00:00',	'0000-00-00 00:00:00',	'0000-00-00 00:00:00'),
(86,	'ขายไอเท็ม กับ NPC',	'',	'',	'',	'',	'3',	'3',	'0',	1,	2,	1,	'0000-00-00 00:00:00',	'0000-00-00 00:00:00',	'0000-00-00 00:00:00'),
(87,	'เควสสำหรับ alpha version',	'',	'',	'',	'',	'0',	'0',	'0',	1,	4,	1,	'0000-00-00 00:00:00',	'0000-00-00 00:00:00',	'0000-00-00 00:00:00'),
(88,	'การวิจัยเพื่อรักษาระบบนิเวศน์',	'',	'',	'',	'',	'0',	'0',	'0',	1,	1,	1,	'0000-00-00 00:00:00',	'0000-00-00 00:00:00',	'0000-00-00 00:00:00'),
(89,	'บันทึกรายการขายของร้านค้า',	'',	'',	'',	'',	'0',	'0',	'0',	1,	1,	1,	'0000-00-00 00:00:00',	'0000-00-00 00:00:00',	'0000-00-00 00:00:00'),
(90,	'งาน Salaryman สำหรับ alpha version',	'',	'',	'',	'',	'0',	'0',	'0',	1,	4,	1,	'0000-00-00 00:00:00',	'0000-00-00 00:00:00',	'0000-00-00 00:00:00'),
(91,	'Data - ร้านค้าสำหรับ alpha version',	'',	'',	'',	'',	'3',	'3',	'3',	5,	2,	1,	'0000-00-00 00:00:00',	'0000-00-00 00:00:00',	'0000-00-00 00:00:00'),
(92,	'บริษัทสำหรับ alpha version',	'',	'',	'',	'',	'0',	'0',	'0',	1,	4,	1,	'0000-00-00 00:00:00',	'0000-00-00 00:00:00',	'0000-00-00 00:00:00'),
(93,	'งานพาร์ทไทม์ สำหรับ alpha version',	'',	'',	'',	'',	'0',	'0',	'0',	1,	4,	1,	'0000-00-00 00:00:00',	'0000-00-00 00:00:00',	'0000-00-00 00:00:00'),
(94,	'แสดงรายชื่อเพื่อน',	'',	'',	'',	'',	'0',	'0',	'0',	1,	7,	1,	'0000-00-00 00:00:00',	'0000-00-00 00:00:00',	'0000-00-00 00:00:00'),
(95,	'ระบบต่อสู้ 2.0',	'',	'',	'',	'',	'0',	'0',	'0',	1,	4,	1,	'0000-00-00 00:00:00',	'0000-00-00 00:00:00',	'0000-00-00 00:00:00'),
(99,	'การอัพค่าสเตตัสเมื่อ LV เพิ่ม',	'',	'',	'',	'',	'3',	'4',	'3',	2,	2,	1,	'0000-00-00 00:00:00',	'0000-00-00 00:00:00',	'0000-00-00 00:00:00'),
(100,	'การอัพสกิลเมื่อ LV เพิ่ม',	'',	'',	'',	'',	'0',	'0',	'0',	1,	4,	1,	'0000-00-00 00:00:00',	'0000-00-00 00:00:00',	'0000-00-00 00:00:00'),
(101,	'การวิจัยอาวุธใหม่',	'',	'',	'',	'',	'0',	'0',	'0',	1,	1,	1,	'0000-00-00 00:00:00',	'0000-00-00 00:00:00',	'0000-00-00 00:00:00'),
(102,	'ระบบจ่ายเงินด้วย ธนาณัติ',	'',	'',	'',	'',	'0',	'0',	'0',	5,	1,	1,	'0000-00-00 00:00:00',	'0000-00-00 00:00:00',	'0000-00-00 00:00:00'),
(103,	'Graphic - เมือง สำหรับ Alpha',	'',	'',	'',	'',	'3',	'3',	'0',	2,	2,	1,	'0000-00-00 00:00:00',	'0000-00-00 00:00:00',	'0000-00-00 00:00:00'),
(104,	'Graphic - Item สำหรับ Alpha',	'',	'',	'',	'',	'3',	'4',	'13',	5,	2,	1,	'0000-00-00 00:00:00',	'0000-00-00 00:00:00',	'0000-00-00 00:00:00'),
(105,	'Graphic แบบสี สำหรับ Alpha ชุดที่ 1 (6 แมพ)',	'สำหรับเมือง และ BG เมือง',	'',	'',	'',	'2',	'4',	'13',	1,	3,	1,	'0000-00-00 00:00:00',	'0000-00-00 00:00:00',	'0000-00-00 00:00:00'),
(106,	'Graphic - NPC สำหรับ Alpha ชุดที่ 1 (10 ตัว)',	'',	'',	'',	'',	'2',	'4',	'13',	5,	2,	1,	'0000-00-00 00:00:00',	'0000-00-00 00:00:00',	'0000-00-00 00:00:00'),
(107,	'Scrollbar ที่ดูดีมีระดับ',	'',	'',	'',	'',	'0',	'0',	'0',	1,	1,	1,	'0000-00-00 00:00:00',	'0000-00-00 00:00:00',	'0000-00-00 00:00:00'),
(108,	'Graphic Item ',	'',	'',	'',	'',	'0',	'0',	'0',	1,	3,	1,	'0000-00-00 00:00:00',	'0000-00-00 00:00:00',	'0000-00-00 00:00:00'),
(109,	'Tool tip, Minimap',	'',	'',	'',	'',	'0',	'0',	'0',	1,	3,	1,	'0000-00-00 00:00:00',	'0000-00-00 00:00:00',	'0000-00-00 00:00:00'),
(110,	'การสืบทอด Status จากรุ่นสู่รู่น',	'',	'',	'',	'',	'0',	'0',	'0',	1,	6,	1,	'0000-00-00 00:00:00',	'0000-00-00 00:00:00',	'0000-00-00 00:00:00'),
(111,	'คลังสมบัติประจำตระกูล',	'',	'',	'',	'',	'0',	'0',	'0',	1,	1,	1,	'0000-00-00 00:00:00',	'0000-00-00 00:00:00',	'0000-00-00 00:00:00'),
(112,	'แผนผังตระกูล',	'',	'',	'',	'',	'0',	'0',	'0',	1,	1,	1,	'0000-00-00 00:00:00',	'0000-00-00 00:00:00',	'0000-00-00 00:00:00'),
(113,	'Data - NPC',	'',	'',	'',	'',	'2',	'4',	'5',	5,	2,	1,	'0000-00-00 00:00:00',	'0000-00-00 00:00:00',	'0000-00-00 00:00:00'),
(114,	'Graphic - NPC สำหรับ Alpha ชุดที่ 2 (10 ตัว)',	'',	'',	'',	'',	'2',	'4',	'13',	5,	2,	1,	'0000-00-00 00:00:00',	'0000-00-00 00:00:00',	'0000-00-00 00:00:00'),
(115,	'Graphic - NPC สำหรับ Alpha ชุดที่ 3 (8 ตัว)',	'',	'',	'',	'',	'2',	'4',	'13',	5,	2,	1,	'0000-00-00 00:00:00',	'0000-00-00 00:00:00',	'0000-00-00 00:00:00'),
(116,	'Data - Monster สำหรับ Alpha',	'',	'',	'',	'',	'3',	'4',	'13',	5,	2,	1,	'0000-00-00 00:00:00',	'0000-00-00 00:00:00',	'0000-00-00 00:00:00'),
(117,	'Graphic - Monster สำหรับ Alpha ชุดที่ 1 (10 ตัว)',	'',	'',	'',	'',	'2',	'4',	'13',	5,	2,	1,	'0000-00-00 00:00:00',	'0000-00-00 00:00:00',	'0000-00-00 00:00:00'),
(118,	'Graphic - Monster สำหรับ Alpha ชุดที่ 2 (10 ตัว)',	'',	'',	'',	'',	'2',	'4',	'13',	5,	2,	1,	'0000-00-00 00:00:00',	'0000-00-00 00:00:00',	'0000-00-00 00:00:00'),
(119,	'Graphic - Monster สำหรับ Alpha ชุดที่ 3 ( 2 ตัว)',	'',	'',	'',	'',	'2',	'4',	'2',	5,	2,	1,	'0000-00-00 00:00:00',	'0000-00-00 00:00:00',	'0000-00-00 00:00:00'),
(120,	'Data - แผนที่',	'54 section\n12 map\n17 store',	'',	'',	'',	'4',	'4',	'13',	5,	2,	1,	'0000-00-00 00:00:00',	'0000-00-00 00:00:00',	'0000-00-00 00:00:00'),
(121,	'Graphic - Guidepost 29 อัน',	'',	'',	'',	'',	'2',	'2',	'5',	5,	2,	1,	'0000-00-00 00:00:00',	'0000-00-00 00:00:00',	'0000-00-00 00:00:00'),
(122,	'Graphic - Minimap สำหรับ Alpha',	'สำหรับ Map 12 อัน\nสำหรับ Section 54 อัน',	'',	'',	'',	'2',	'3',	'5',	5,	2,	1,	'0000-00-00 00:00:00',	'0000-00-00 00:00:00',	'0000-00-00 00:00:00'),
(123,	'Data - บทสนทนา สำหรับ Alpha',	'28 บท',	'',	'',	'',	'2',	'3',	'5',	5,	2,	1,	'0000-00-00 00:00:00',	'0000-00-00 00:00:00',	'0000-00-00 00:00:00'),
(124,	'การเดินทางเปลี่ยนแผนที่',	'',	'',	'',	'',	'4',	'4',	'5',	5,	2,	1,	'0000-00-00 00:00:00',	'0000-00-00 00:00:00',	'0000-00-00 00:00:00'),
(125,	'เข้า - ออก ร้านค้า',	'',	'',	'',	'',	'3',	'4',	'1',	5,	2,	1,	'0000-00-00 00:00:00',	'0000-00-00 00:00:00',	'0000-00-00 00:00:00'),
(126,	'ระบบซื้อของ',	'',	'',	'',	'',	'3',	'3',	'5',	2,	2,	1,	'0000-00-00 00:00:00',	'0000-00-00 00:00:00',	'0000-00-00 00:00:00'),
(127,	'ระบบขายของ',	'',	'',	'',	'',	'3',	'3',	'1',	2,	2,	1,	'0000-00-00 00:00:00',	'0000-00-00 00:00:00',	'0000-00-00 00:00:00'),
(128,	'ระบบค่า EXP และ LV',	'EXp ถึงระดับหนึ่ง จะไปเพิ่ม LV และ',	'user',	'Level Up when my EXP increased',	'How good i am',	'4',	'4',	'5',	1,	2,	1,	'0000-00-00 00:00:00',	'0000-00-00 00:00:00',	'0000-00-00 00:00:00'),
(129,	'Graphic - NPC สำหรับ Alpha ชุดที่ 4 (3 ตัว)',	'Alpha 2\n3 ตัว',	'',	'',	'',	'3',	'3',	'5',	1,	3,	1,	'0000-00-00 00:00:00',	'0000-00-00 00:00:00',	'0000-00-00 00:00:00'),
(130,	'Graphic แบบสี สำหรับ Alpha ชุดที่ 2 (6 แมพ)',	'',	'',	'',	'',	'2',	'4',	'13',	1,	3,	1,	'0000-00-00 00:00:00',	'0000-00-00 00:00:00',	'0000-00-00 00:00:00'),
(131,	'Versus Engine',	'',	'',	'',	'',	'4',	'4',	'13',	1,	3,	1,	'0000-00-00 00:00:00',	'0000-00-00 00:00:00',	'0000-00-00 00:00:00');

DROP TABLE IF EXISTS `story_exit_criteria`;
CREATE TABLE `story_exit_criteria` (
  `id_story` int(10) unsigned NOT NULL,
  `description` varchar(255) COLLATE utf8_unicode_ci NOT NULL,
  `is_complete` tinyint(4) NOT NULL COMMENT '0=incomplete, 1=complete',
  `date_create` datetime NOT NULL,
  `date_last_update` datetime NOT NULL,
  `date_complete` datetime NOT NULL,
  PRIMARY KEY (`id_story`),
  CONSTRAINT `story_exit_criteria_ibfk_3` FOREIGN KEY (`id_story`) REFERENCES `story` (`id_story`) ON DELETE CASCADE ON UPDATE CASCADE
) ENGINE=InnoDB DEFAULT CHARSET=utf8 COLLATE=utf8_unicode_ci;


DROP TABLE IF EXISTS `story_requirement`;
CREATE TABLE `story_requirement` (
  `id_story` int(10) unsigned NOT NULL DEFAULT '0',
  `id_requirement` int(10) DEFAULT NULL COMMENT 'id_story',
  PRIMARY KEY (`id_story`),
  CONSTRAINT `story_requirement_ibfk_2` FOREIGN KEY (`id_story`) REFERENCES `story` (`id_story`) ON DELETE CASCADE ON UPDATE CASCADE
) ENGINE=InnoDB DEFAULT CHARSET=utf8 COLLATE=utf8_unicode_ci;

INSERT INTO `story_requirement` (`id_story`, `id_requirement`) VALUES
(86,	17);

DROP TABLE IF EXISTS `working_status`;
CREATE TABLE `working_status` (
  `id_working_status` tinyint(1) unsigned NOT NULL AUTO_INCREMENT,
  `status_name` varchar(255) COLLATE utf8_unicode_ci NOT NULL,
  PRIMARY KEY (`id_working_status`)
) ENGINE=InnoDB AUTO_INCREMENT=6 DEFAULT CHARSET=utf8 COLLATE=utf8_unicode_ci;

INSERT INTO `working_status` (`id_working_status`, `status_name`) VALUES
(1,	'Not started'),
(2,	'In process'),
(3,	'Withing for test'),
(4,	'Testing'),
(5,	'Complete');

-- 2011-04-22 00:41:25
